aiport_id,airport_name,origin_state
0,LAGUARDIA NY,New York
1,DALLAS/FORT WORTH INTL ARPT,Texas
2,LAKEFRONT AIRPORT,Louisiana
3,SEATTLE-TACOMA INTL,Washington
4,NORFOLK INTL,Virginia
5,GUAYAQUIL/S BOLIVAR,
6,NEW CASTLE COUNTY,Delaware
7,WASHINGTON DULLES INTL ARPT,DC
8,ATLANTA INTL,Georgia
9,ORLANDO SANFORD INTL AIRPORT,Florida
10,ONTARIO INTL ARPT,California
11,CHICAGO O'HARE INTL ARPT,Illinois
12,GROTON-NEW LONDON AR,Connecticut
13,SPIRIT OF ST LOUIS,Missouri
14,THEODORE FRANCIS GREEN STATE,Rhode Island
15,KANSAS CITY INTL,Missouri
16,LIHUE ARPT,Hawaii
17,PHOENIX SKY HARBOR,Arizona
18,NASHVILLE INTL,Tennessee
19,JIM HAMILTON L B OWENS ARPT,South Carolina
20,SOUTHWEST FLORIDA INTL ARPT,Florida
21,ABERDEEN REGIONAL AR,South Dakota
22,NEWARK LIBERTY INTL ARPT,New Jersey
23,ASPEN-PITKIN CO/SARD,Colorado
24,ROCHESTER INTL,Minnesota
25,MINNEAPOLIS-ST PAUL INTL,Minnesota
26,PUEBLO MEMORIAL ARPT,Colorado
27,WESTCHESTER COUNTY ARPT,New York
28,BIRMINGHAM-SHUTTLESWORTH INTL,Alabama
29,TAHITI FAAA,
30,ORLANDO INTL,Florida
31,MYRTLE BEACH INTL,South Carolina
32,LAFAYETTE REGIONAL (LA),Louisiana
33,CLEVELAND-HOPKINS INTL ARPT,Ohio
34,SAN FRANCISCO INTL ARPT,California
35,CENTRAL WISCONSIN ARPT,Wisconsin
36,BARKSDALE AIR FORCE BASE ARPT,Louisiana
37,DETROIT METRO WAYNE COUNTY ARPT,Michigan
38,TOLEDO EXPRESS ARPT,Ohio
39,METRO OAKLAND INTL,California
40,BEVERLY MUNICIPAL ARPT,Massachusetts
41,TED STEVENS ANCHORAGE INTL,Alaska
42,CHARLOTTE/DOUGLAS INTL ARPT,North Carolina
43,CINCINNATI/NORTHERN KENTUCKY INTL ARPT,Kentucky
44,GREATER PEORIA REGIONAL ARPT,Illinois
45,INDIANAPOLIS INTL,Indiana
46,LOUISVILLE INTL ARPT,Kentucky
47,PORTLAND INTL (OR),Oregon
48,STEWART INTL AIRPORT,New York
49,LOS ANGELES INTL,California
50,BURKE LAKEFRONT,Ohio
51,PHILADELPHIA INTL,Pennsylvania
52,CAPITAL CITY (MI),Michigan
53,CAPITAL (BEIJING),
54,PEASE INTL TRADEPORT,New Hampshire
55,SAVANNAH INTL,Georgia
56,HILO INTL ARPT,Hawaii
57,FORT LAUDERDALE/HOLLYWOOD INTL,Florida
58,DALLAS LOVE FIELD ARPT,Texas
59,LOGAN INTL,Massachusetts
60,DENVER INTL AIRPORT,Colorado
61,KALAMAZOO/BATTLE CREEK INTL,Michigan
62,GERALD R FORD INTL,Michigan
63,FORT SMITH MUNICIPAL ARPT,Arkansas
64,MCCARREN INTL,Nevada
65,HESLER-NOBLE FIELD ARPT,Mississippi
66,PENSACOLA REGIONAL,Florida
67,BALTIMORE WASH INTL,Maryland
68,LAURENCE G HANSCOM,Massachusetts
69,PANAMA CITY - BAY COUNTY INTL,Florida
70,SUVA FIJI,
71,OXNARD ARPT,California
72,MORRISTOWN MUNICIPAL ARPT,New Jersey
73,TRENTON MERCER ARPT,New Jersey
74,TETERBORO AIRPORT,New Jersey
75,SANFORD REGIONAL ARPT,Maine
76,MEMPHIS INTL,Tennessee
77,GREATER ROCHESTER INTL,New York
78,SAINT HUBERT,Quebec
79,RALEIGH-DURHAM INTL,North Carolina
80,DUPAGE AIRPORT,Illinois
81,ROANOKE REGIONAL,Virginia
82,,Tennessee
83,EL PASO INTL ARPT,Texas
84,PALM BEACH INTL,Florida
85,LEWISTON-NEZ PERCE CO ARPT,Idaho
86,BLOOMINGTON/NORMAL,Illinois
87,INDIANAPOLIS REGIONAL ARPT,Indiana
88,JACKSON EVERS INTL,Mississippi
89,VANCOUVER INTL,British Columbia
90,LEHIGH VALLEY INTL,Pennsylvania
91,SALT LAKE CITY INTL,Utah
92,QUAD CITY ARPT,Illinois
93,PORT COLUMBUS INTL,Ohio
94,EPPLEY AIRFIELD,Nebraska
95,BOB HOPE ARPT,California
96,GENERAL MITCHELL INTL,Wisconsin
97,FRESNO YOSEMITE INTL,California
98,UNIVERSITY PARK ARPT,Pennsylvania
99,COLORADO SPRINGS MUNICIPAL,Colorado
100,FORT WAYNE INTL,Indiana
101,KEARNEY MUNICIPAL,Nebraska
102,TOCUMEN INTL,
103,WATERLOO REGIONAL ARPT,Iowa
104,SANTO DOMINGO/LAS AM,
105,ALBANY INTL,New York
106,SACRAMENTO INTL,California
107,JOHN F KENNEDY INTL,New York
108,BUFFALO-NIAGARA INTL,New York
109,AUSTIN STRAUBEL INTL,Wisconsin
110,DES MOINES INTL,Iowa
111,WAUKEGAN REGIONAL ARPT,Illinois
112,RONALD REAGAN WASHINGTON NATL,DC
113,CHARLESTON AFB/INTL ARPT,South Carolina
114,LOVELL FIELD ARPT,Tennessee
115,JAMES M COX DAYTON INTL,Ohio
116,PUERTO VALLARTA,
117,ALBUQUERQUE INTL,New Mexico
118,MIAMI INTL,Florida
119,JOSLIN FIELD - MAGIC VALLEY REGIONAL,Idaho
120,GREATER PITTSBURGH,Pennsylvania
121,TROY MUNICIPAL ARPT,Alabama
122,SHEPPARD AIR FORCE BASE,Texas
123,NEW ORLEANS INTL,Louisiana
124,LAMBERT-ST LOUIS INTL,Missouri
125,MINISTRO PISTARINI,
126,BRACKETT FIELD ARPT,California
127,HOUSTON-HOBBY,Texas
128,GEORGE BUSH INTERCONTINENTAL,Texas
129,RENTON MUNICIPAL ARPT,Washington
130,THE EASTERN IOWA ARPT,Iowa
131,NORTH BEND MUNICIPAL,Oregon
132,HARRISBURG INTL,Pennsylvania
133,SANTA BARBARA MUNICIPAL,California
134,BRADLEY INTL,Connecticut
135,SAN DIEGO INTL,California
136,YEAGER ARPT,West Virginia
137,CHICAGO MIDWAY INTL ARPT,Illinois
138,CHARLES DE GAULLE,
139,ARDMORE MUNICIPAL,Oklahoma
140,SARASOTA-BRADENTON,Florida
141,MONTREAL/PIERRE-ELLIOTT-TRUDEAU INTL,Quebec
142,TALLAHASSEE REGIONAL,Florida
143,UNALASKA ARPT,Alaska
144,FULTON COUNTY ARPT - BROWN FIELD,Georgia
145,GOLDEN TRIANGLE REGIONAL,Mississippi
146,GULFPORT BILOXI REGIONAL,Mississippi
147,MINETA SAN JOSE INTL,California
148,HUNTSVILLE INTL,Alabama
149,JAMESTOWN REGIONAL,North Dakota
150,AIRBORNE AIRPARK,Ohio
151,EVANSVILLE REGIONAL,Indiana
152,SPOKANE INTERNATIONAL,Washington
153,SMITH REYOLDS ARPT,North Carolina
154,LITTLE RIVER ARPT,California
155,CONCORD REGIONAL ARPT,North Carolina
156,AMARILLO INTL,Texas
157,COBB COUNTY ARPT-MC COLLUM FIELD,Georgia
158,DANBURY MUNICIPAL ARPT,Connecticut
159,RALPH WIEN MEMORIAL ARPT,Alaska
160,COLUMBUS MUNICIPAL ARPT (IN),Indiana
161,VAN NUYS ARPT,California
162,AUSTIN-BERGSTROM INTL,Texas
163,OAKLAND/TROY ARPT,Michigan
164,BURLINGTON INTL,Vermont
165,KODIAK AIRPORT,Alaska
166,NAPA COUNTY ARPT,California
167,EXECUTIVE ARPT,Florida
168,WHITEMAN AIRPORT,California
169,SCHOLES INTL ARPT AT GALVESTON,Texas
170,ADAMS FIELD ARPT,Arkansas
171,MONTGOMERY FIELD ARPT,California
172,PHOENIX DEER VALLEY ARPT,Arizona
173,SKYLARK FIELD,Texas
174,GREATER BINGHAMTON ARPT,New York
175,KLEBERG COUNTY ARPT,Texas
176,JOPLIN REGIONAL,Missouri
177,JONESBORO MUNICIPAL ARPT,Arkansas
178,HONOLULU INTL ARPT,Hawaii
179,EGLIN AFB/NW FLORIDA REGIONAL ARPT,Florida
180,SIOUX GATEWAY ARPT,Iowa
181,SAN ANTONIO INTL,Texas
182,VALLEY INTL,Texas
183,JACKSON HOLE,Wyoming
184,JOHN WAYNE AIRPORT,California
185,DILLINGHAM AIRFIELD,Hawaii
186,SHREVEPORT REGIONAL,Louisiana
187,MCMINN COUNTY ARPT,Tennessee
188,CUYAHOGA COUNTY ARPT,Ohio
189,MANCHESTER AIRPORT,New Hampshire
190,PORTLAND INTL JETPORT (ME),Maine
191,JEFFERSON CITY MEMORIAL ARPT,Missouri
192,NW ARKANSAS REGIONAL,Arkansas
193,WICHITA MID-CONTINENT ARPT,Kansas
194,TYLER POUNDS FIELD,Texas
195,ADDISON,Texas
196,OWENSBORO-DAVIESS,Kentucky
197,ATLANTIC CITY INTL,New Jersey
198,LONG ISLAND MAC ARTHUR,New York
199,ELLINGTON FIELD ARPT,Texas
200,LANCASTER ARPT (PA),Pennsylvania
201,AQUASCALIENTES,
202,NORTHEAST PHILADELPHIA ARPT,Pennsylvania
203,LINCOLN MUNICIPAL,Nebraska
204,SAN CARLOS ARPT,California
205,IGOR I SIKORSKY MEMORIAL,Connecticut
206,MORGANTOWN MUNICIPAL ARPT,West Virginia
207,SITKA ROCKY GUTIERREZ ARPT,Alaska
208,GAINESVILLE REG ARPT,Florida
209,TRI-CITIES REGIONAL TN/VA ARPT,Tennessee
210,ALLEGHENY COUNTY ARPT,Pennsylvania
211,JACKSONVILLE INTL,Florida
212,PIERRE REGIONAL ARPT,South Dakota
213,NEWPORT NEWS/WILLIAMSBURG INTL,Virginia
214,MANLEY HOT SPRINGS ARPT,Alaska
215,RICHMOND INTL,Virginia
216,KISSIMMEE GATEWAY ARPT,Florida
217,VERO BEACH MUNICIPAL,Florida
218,WAYNE MUNICIPAL ARPT,Nebraska
219,ROCK SPRINGS-SWEETWATER CO,Wyoming
220,LA CROSSE MUNICIPAL AIRPORT,Wisconsin
221,RICHARD LLOYD JONES JR ARPT,Oklahoma
222,HEWANORRA ST LUCIA,
223,BUTLER COUNTY REGIONAL,Ohio
224,SPRINGFIELD-BRANSON NATIONAL,Missouri
225,ABRAHAM LINCOLN CAPITAL ARPT,Illinois
226,BUCHOLZ AAF MARSHALL,Prince Edward Island
227,CENTRAL NEBRASKA REGIONAL,Nebraska
228,TAMPA INTL,Florida
229,WORCESTER REGIONAL,Massachusetts
230,MEMORIAL FIELD,Arkansas
231,KAHULUI ARPT,Hawaii
232,SANTIAGO INTL,
233,OAKLAND COUNTY INTL,Michigan
234,JOHN C TUNE ARPT,Tennessee
235,FORT LAUDERDALE EXECUTIVE ARPT,Florida
236,L F WADE INTL ARPT,
237,MELBOURNE INTL,Florida
238,BISMARCK MUNICIPAL ARPT,North Dakota
239,MINOT INTL AIRPORT,North Dakota
240,SLIDELL AIRPORT,Louisiana
241,WALLBLAKE,
242,GREAT FALLS INTL,Montana
243,BRAINERD-CROW WING,Minnesota
244,BLUE GRASS ARPT,Kentucky
245,ROGUE VALLEY INTL,Oregon
246,STUTTGART MUNICIPAL ARPT,Arkansas
247,LAWTON-FORT SILL REGIONAL ARPT,Oklahoma
248,YAMPA VALLEY,Colorado
249,COLONEL JAMES JABARA ARPT,Kansas
250,MIDLAND INTL,Texas
251,MALCOLM MCKINNON ARPT,Georgia
252,MILLARD ARPT,Nebraska
253,ROCK COUNTY,Wisconsin
254,MARTIN STATE ARPT,Maryland
255,BUCHANAN FLD,California
256,BOIRE FIELD,New Hampshire
257,VALDOSTA REGIONAL,Georgia
258,MANASSAS REGIONAL ARPT,Virginia
259,ERIE INTL,Pennsylvania
260,CINCINNATI MUNI ARPT-LUNKEN FIELD,Ohio
261,SACRAMENTO MATHER ARPT,California
262,LUIS MUNOZ MARIN INTL -SAN JUAN,Puerto Rico
263,MOLOKAI ARPT,Hawaii
264,MCGHEE TYSON ARPT,Tennessee
265,ST. PETERSBURG/CLEARWATER INTL,Florida
266,GRANT COUNTY ARPT,Washington
267,TORONTO/LESTER B. PEARSON INTL,Ontario
268,DANE COUNTY REGIONAL ARPT-TRUAX FLD,Wisconsin
269,EDWARD G PITKA SR ARPT,Alaska
270,UNIV OF ILLINOIS -WILLARD ARPT,Illinois
271,ELKO REGIONAL ARPT,Nevada
272,DEKALB-PEACHTREE ARPT,Georgia
273,CHICAGO EXECUTIVE ARPT,Illinois
274,FLORENCE REGIONAL,South Carolina
275,NORWOOD MEMORIAL ARPT,Massachusetts
276,LIVERMORE MUNICIPAL ARPT,California
277,ROCKY MOUNT WILSON RGNL ARPT,North Carolina
278,TULSA INTL,Oklahoma
279,BATON ROUGE METRO,Louisiana
280,WILLOUGHBY LOST NATION MUNI ARPT,Ohio
281,WILKES-BARRE/SCRANTON INTL,Pennsylvania
282,HENDERSON FIELD,Prince Edward Island
283,FALLS INTL ARPT,Minnesota
284,LUBBOCK INTL,Texas
285,AUGUSTA STATE,Maine
286,WILMINGTON INTL,North Carolina
287,JUNEAU INTL ARPT,Alaska
288,RENO TAHOE INTL,Nevada
289,ST AUGUSTINE,Florida
290,MONTGOMERY REGIONAL ARPT,Alabama
291,PORTLAND-HILLSBORO ARPT,Oregon
292,PANGBORN MEMORIAL,Washington
293,TRI-CITIES,Washington
294,PURDUE UNIV ARPT,Indiana
295,DAYTONA BEACH INTL,Florida
296,EASTERWOOD FIELD AIRPORT,Texas
297,MANAGUA INTL ARPT,
298,HENRY E ROHLSEN ARPT,Virgin Islands
299,IMPERIAL COUNTY ARPT,California
300,KLAMATH FALLS INTL,Oregon
301,FAIRBANKS INTL ARPT,Alaska
302,EUGENIO MARIA DE HOSTOS ARPT,Puerto Rico
303,MISSOULA INTL ARPT,Montana
304,DUBUQUE REGIONAL ARPT,Iowa
305,SAND POINT ARPT,Alaska
306,MONETT MUNICIPAL ARPT,Missouri
307,WATERBURY-OXFORD ARPT,Connecticut
308,AKRON-CANTON MUNICIPAL,Ohio
309,READING REGIONAL,Pennsylvania
310,COLUMBUS METRO,Georgia
311,NANTUCKET MEMORIAL,Massachusetts
312,ROCKY MOUNTAIN METROPOLITAN ARPT,Colorado
313,COLUMBIA METRO,South Carolina
314,WILLIAMSPORT,Pennsylvania
315,BUSH FLD,Georgia
316,INDIANAPOLIS METROPOLITAN ARPT,Indiana
317,BISHOP INTL FLINT,Michigan
318,BELLINGHAM INTL,Washington
319,BETZ ARPT,Michigan
320,NOGALES INTL ARPT,Arizona
321,TOKYO INTL,
322,GANDER INTL,Newfoundland and Labrador
323,GOSHEN MUNICIPAL ARPT,Indiana
324,ADAMS COUNTY- LEGION FIELD,Wisconsin
325,HAMILTON MUNICIPAL ARPT,New York
326,FALCON FIELD ARPT,Arizona
327,KAPALUA ARPT,Hawaii
328,BROWNSVL/SO PADRE IS,Texas
329,GUAM INTL ARPT,Prince Edward Island
330,CHESTER COUNTY G O CARLSON ARPT,Pennsylvania
331,SNOHOMISH CO (PAINE FIELD),Washington
332,ST. LUCIE COUNTY INTL ARPT,Florida
333,MEACHAM FT WORTH,Texas
334,GRAND JUNCTION REGIONAL ARPT,Colorado
335,IDAHO FALLS REGIONAL ARPT,Idaho
336,MBS INTL,Michigan
337,REPUBLIC AIRPORT,New York
338,CAPITAL CITY ARPT (PA),Pennsylvania
339,GREENVILLE-SPARTANBURG INTL,South Carolina
340,ASHEVILLE REGIONAL ARPT,North Carolina
341,ST LOUIS DOWNTOWN,Illinois
342,MOBILE DOWNTOWN ARPT,Alabama
343,PULLMAN-MOSCOW REGIONAL,Washington
344,GENERAL ESCOBEDO INTL,
345,MCNARY FLD ARPT,Oregon
346,BOWMAN FIELD,Kentucky
347,PIEDMONT TRIAD INTL,North Carolina
348,FLOYD BENNETT MEMORIAL,New York
349,PU DONG INTL ARPT,
350,AMSTERDAM SCHIPHOL,
351,WEST BEND MUNICIPAL ARPT,Wisconsin
352,GREATER ROCKFORD,Illinois
353,GRAND CANYON WEST,Arizona
354,KEY WEST INTL ARPT,Florida
355,EPHRAIM- FISH CREEK,Wisconsin
356,NUT TREE AIRPORT,California
357,SACRAMENTO EXECUTIVE ARPT,California
358,MONTEREY PENINSULA,California
359,JOE FOSS FIELD ARPT,South Dakota
360,CHEYENNE REGIONAL ARPT,Wyoming
361,TRI-STATE MILTON FERGUSON,West Virginia
362,CYRIL E KING ARPT,Virgin Islands
363,LONG BEACH-DAUGH FLD,California
364,ABILENE REGIONAL ARPT,Texas
365,TEXARKANA-WEBB FIELD,Arkansas
366,INDIRA GANDHI INTL,
367,HAMILTON,Ontario
368,WILL ROGERS WORLD ARPT,Oklahoma
369,LEBANON MUNICIPAL ARPT,New Hampshire
370,GRAND FORKS INTL,North Dakota
371,HILTON HEAD ISLAND,South Carolina
372,WILLOW RUN ARPT,Michigan
373,GROSSE ILE MUNICIPAL ARPT,Michigan
374,LAKELAND LINDER REGIONAL,Florida
375,SHEREMETYEVO INTL,
376,CIUDAD DEL ESTE GARCIA,
377,SOUTH BEND REGIONAL,Indiana
378,OUTAGAMIE COUNTY REGIONAL,Wisconsin
379,MAHLON SWEET FLD,Oregon
380,QUONSET STATE ARPT,Rhode Island
381,CLARK INTL,
382,SOUTHWEST GEORGIA REGIONAL ARPT,Georgia
383,EASTERN WEST VIRGINIA REGIONAL ARPT,West Virginia
384,BOEING FIELD K C INT,Washington
385,SAIPAN INTL,Prince Edward Island
386,WILLIAMSON COUNTY REGIONAL,Illinois
387,CENTENNIAL ARPT,Colorado
388,WALLA WALLA REGIONAL,Washington
389,JIM HOGG COUNTY AROT,Texas
390,HAWTHORNE MUNICIPAL ARPT,California
391,PETALUMA MUNICIPAL ARPT,California
392,SONOMA COUNTY ARPT,California
393,LANAI ARPT,Hawaii
394,TUCSON INTL,Arizona
395,JOHNSON COUNTY EXECUTIVE ARPT,Kansas
396,ROSWELL INTL AIR CENTER,New Mexico
397,ALBERT J ELLIS,North Carolina
398,NEW TOKYO INTL,
399,HECTOR INTERNATIONAL,North Dakota
400,SCHENECTADY COUNTY,New York
401,LONDON-LUTON ARPT,
402,PUNTA CANA INTL,
403,DILLANT-HOPKINS ARPT,New Hampshire
404,SALISBURY-WICOMICO,Maryland
405,CORPUS CHRISTI INTL ARPT,Texas
406,MONROE REGIONAL ARPT,Louisiana
407,BARNSTABLE MUNICIPAL,Massachusetts
408,ROBERTSON FIELD,Connecticut
409,MODESTO CITY-COUNTY,California
410,YELLOWSTONE ARPT,Montana
411,DEER PARK ARPT,Washington
412,SANGSTER INTL,
413,ZELIENOPLE MUNICIPAL,Pennsylvania
414,LORAIN COUNTY REGIONAL ARPT,Ohio
415,CECIL ARPT,Florida
416,BOLTON FIELD ARPT,Ohio
417,ST LOUIS REGIONAL,Illinois
418,EASTON/NEWMAN FIELD ARPT,Maryland
419,CHERRY CAPITAL ARPT,Michigan
420,ST. PAUL DOWNTOWN ARPT,Minnesota
421,OSCEOLA MUNICIPAL ARPT,Arkansas
422,YELLOWSTONE REGIONAL,Wyoming
423,DURANGO-LA PLATA CO,Colorado
424,SELAWICK ARPT,Alaska
425,WALLOPS FLIGHT FACILITY,Virginia
426,OHIO STATE UNIVERSITY,Ohio
427,SHEBOYGAN COUNTY MEMORIAL ARPT,Wisconsin
428,SITKA (SPB),Alaska
429,THIEF RIVER FALLS REGIONAL,Minnesota
430,YAKUTAT ARPT,Alaska
431,MANCHESTER ENGLAND,
432,MARSHALL ISLANDS INTL ARPT,Prince Edward Island
433,SYRACUSE HANCOCK INTL,New York
434,MERCEDITA ARPT,Puerto Rico
435,ORMOND BEACH MUNICIPAL ARPT,Florida
436,MONTROSE REGIONAL ARPT,Colorado
437,HELENA REGIONAL,Montana
438,MOBILE REGIONAL,Alabama
439,PALM SPRINGS INTL,California
440,DE KALB TAYLOR MUNICIPAL ARPT,Illinois
441,EVANSTON-UINTA COUNTY BURNS FIELD,Wyoming
442,JESSE VIERTEL MEMORIAL ARPT,Missouri
443,MCCLELLAN-PALOMAR,California
444,EL SALVADOR INTL,
445,MC CLELLAN AIRFIELD,California
446,WAYNE COUNTY,Ohio
447,CHINO AIRPORT,California
448,MILANO MALPENSA,
449,MIDDLE GEORGIA REGIONAL,Georgia
450,COMPTON/WOODLEY ARPT,California
451,YOUNGSTOWN-WARREN RGNL ARPT,Ohio
452,RANGE REGIONAL ARPT,Minnesota
453,EL MONTE ARPT,California
454,ALLENTOWN QUEEN CITY MUNICIPAL,Pennsylvania
455,SUGAR LAND REGIONAL ARPT,Texas
456,NORTHEASTERN REGIONAL,North Carolina
457,LINDEN AIRPORT,New Jersey
458,MADRID-BARAJAS,
459,ELMIRA/CORNING MUNICIPAL,New York
460,MANHATTAN REGIONAL,Kansas
461,SCOTT CITY MUNICIPAL ARPT,Kansas
462,CHILLICOTHE MUNICIPAL ARPT,Missouri
463,PLYMOUTH MUNICIPAL ARPT (MA),Massachusetts
464,BOISE AIR TERMINAL/GOWEN FIELD,Idaho
465,ANOKA COUNTY-BLAINE,Minnesota
466,HAGERSTOWN REGIONAL,Maryland
467,USAF ACADEMY BULLSEYE AUX AIRSTRIP,Colorado
468,GLASGOW INTL/WOKAL FIELD,Montana
469,MONMOUTH EXECUTIVE ARPT,New Jersey
470,QUEBEC/JEAN LESAGE INTL,Quebec
471,ELK GROVE ARPT,California
472,LAKE CHARLES REGIONAL,Louisiana
473,WINDHAM ARPT,Connecticut
474,HUNTINGBURG ARPT,Indiana
475,DUTCHESS COUNTY ARPT,New York
476,FERANDINA BEACH MUNICIPAL ARPT,Florida
477,HOBBY FIELD ARPT,Oregon
478,CAPE MAY COUNTY ARPT,New Jersey
479,SALINA MUNICIPAL,Kansas
480,BETHEL ARPT,Alaska
481,GLADEWATER MUNICIPAL ARPT,Texas
482,CALI/VALLE,
483,CANCUN INTL,
484,OCONEE COUNTY REGIONAL ARPT,South Carolina
485,KETCHIKAN INTL ARPT,Alaska
486,TWEED-NEW HAVEN ARPT,Connecticut
487,GALLATIN FIELD ARPT,Montana
488,PINAL AIRPARK,Arizona
489,MARTHAS VINEYARD,Massachusetts
490,BROOKINGS MUNICIPAL ARPT,South Dakota
491,EAST HAMPTON ARPT,New York
492,NATRONA COUNTY INTL,Wyoming
493,FINDLAY ARPT,Ohio
494,ROGERS MUNICIPAL ARPT-CARTER FIELD,Arkansas
495,FULLERTON MUNICIPAL ARPT,California
496,ST CLAIR COUNTY INTL ARPT,Michigan
497,KINGS LAND O' LAKES ARPT,Wisconsin
498,RAPID CITY REGIONAL,South Dakota
499,AURORA MUNICIPAL ARPT,Illinois
500,RICKENBACKER INTL,Ohio
501,SANTIAGO CIBAO INTL,
502,NORTH CENTRAL WEST VIRGINIA ARPT,West Virginia
503,KONGIGANAK ARPT,Alaska
504,WESTERLY STATE ARPT,Rhode Island
505,CAPE GIRARDEAU MUNICIPAL,Missouri
506,KALAELOA ARPT JOHN RODGERS FIELD,Hawaii
507,JUAN SANTAMARIA INTL,
508,ERNEST A LOVE FIELD,Arizona
509,SANTA FE DE BOGOTA,
510,KENDALL-TAMIAMI EXECUTIVE ARPT,Florida
511,GRAND RAPIDS/ITASCA COUNTY ARPT,Minnesota
512,ADDINGTON FIELD ARPT,Kentucky
513,WILLMAR MUNICIPAL,Minnesota
514,MC ALLEN MILLER INTL,Texas
515,PALESTINE MUNICIPAL ARPT,Texas
516,WHEELER-SACK ARMY AIRFIELD,New York
517,CLEVELAND MUNICIPAL ARPT,Mississippi
518,DEMOPOLIS MUNICIPAL ARPT,Alabama
519,NEW CENTURY AIRCENTER ARPT,Kansas
520,FORT DODGE REGIONAL,Iowa
521,ARNOLD PALMER REGIONAL,Pennsylvania
522,BRANSON ARPT,Missouri
523,LAREDO INTL,Texas
524,FRIDAY HARBOR ARPT,Washington
525,WENDOVER ARPT,Utah
526,ROBT L BRADSHAW INTL,
527,ALTOONA-BLAIR COUNTY,Pennsylvania
528,REDDING MUNICIPAL,California
529,BILLINGS LOGAN INTL,Montana
530,PHOENIX-MESA GATEWAY,Arizona
531,COLD BAY ARPT,Alaska
532,RAFAEL HERNANDEZ ARPT,
533,DELTA COUNTY ARPT,Michigan
534,BOWERMAN ARPT,Washington
535,KEY FLD,Mississippi
536,BELLEVILLE MUNICIPAL,Kansas
537,MONROE COUNTY,Indiana
538,COLUMBIA REGIONAL,Missouri
539,FORT WORTH SPINKS ARPT,Texas
540,PUNTA GORDA ARPT,Florida
541,DULUTH INTL ARPT,Minnesota
542,WILLIAM B HEILIG FIELD,Nebraska
543,PHOENIX GOODYEAR ARPT,Arizona
544,JAMES CLEMENTS MUNICIPAL ARPT,Michigan
545,ALEXANDRIA INTL,Louisiana
546,GARY CHICAGO INTL,Indiana
547,CAPE COD COAST GUARD AIR STATION,Massachusetts
548,GREENVILLE DOWNTOWN ARPT,South Carolina
549,RIO VISTA MUNICIPAL ARPT,California
550,ELIZABETHTON MUNICIPAL ARPT,Tennessee
551,PRYOR FIELD REGIONAL ARPT,Alabama
552,DANIEL ODUBER QUIROS INTL,
553,CHARLES B WHEELER DOWNTOWN ARPT,Missouri
554,KUNSAN,
555,TEHACHAPI MUNICIPAL ARPT,California
556,BARKLEY REGIONAL ARPT,Kentucky
557,JACQUELINE COCHRAN REGIONAL ARPT,California
558,BARROW COUNTY ARPT,Georgia
559,HAYWARD EXECUTIVE ARPT,California
560,TUPELO MUNICIPAL,Mississippi
561,MIDDLETON MUNI MOREY FIELD,Wisconsin
562,FIUMICINO ARPT,
563,WACO REGIONAL ARPT,Texas
564,LIEGE ARPT,
565,CHESTERFIELD COUNTY ARPT,Virginia
566,CASTLE ARPT,California
567,SKAGIT REGIONAL,Washington
568,SIMON BOLIVAR INTL,
569,MERRILL FIELD ARPT,Alaska
570,GRAND CANYON NATIONAL,Arizona
571,LA ROMANA INTL,
572,REID-HILLVIEW ARPT OF SANTA CLARA CNTY,California
573,BERZ-MACOMB ARPT,Michigan
574,FLYING CLOUD ARPT,Minnesota
575,SOUTHWEST MINNESOTA REGIONAL ARPT,Minnesota
576,BEMIDJI REGIONAL ARPT,Minnesota
577,SPENCER MUNICIPAL AIRPORT,Iowa
578,GREATER PORTSMOUTH REGIONAL ARPT,Ohio
579,TOMPKINS COUNTY ARPT,New York
580,GREGG COUNTY ARPT,Texas
581,GREENBRIER VALLEY ARPT,West Virginia
582,WILEY POST ARPT,Oklahoma
583,VIRU VIRU INTL,
584,ERNESTO CORTISSOZ,
585,LIMA ALLEN COUNTY,Ohio
586,MERLE K (MUDHOLE) SMITH ARPT,Alaska
587,SOUTHWEST MICHIGAN REGIONAL,Michigan
588,TACOMA NARROWS ARPT,Washington
589,MATHIS FIELD (TX),Texas
590,GREENWOOD MUNICIPAL ARPT,Indiana
591,PIARCO TRINIDAD,
592,FAIRMONT MUNICIPAL ARPT,Minnesota
593,LA AURORA,
594,NAPLES MUNICIPAL,Florida
595,HOUSTON GULF ARPT,Texas
596,MORAN FIELD ARPT,Maryland
597,MASON COUNTY ARPT (MI),Michigan
598,PUERTO PLATA INTL,
599,ASHTABULA COUNTY,Ohio
600,COLEMAN A YOUNG MUNICIPAL ARPT,Michigan
601,MANSFIELD LAHM MUNICIPAL,Ohio
602,LYNDEN PINDLING INTL ARPT,
603,HERLONG ARPT,Florida
604,CAPT FEAR REGIONAL JETPORT,North Carolina
605,CARRABELLE-THOMPSON,Florida
606,FRANCIS S GABRESKI ARPT,New York
607,HAWKINS ARPT,Missouri
608,HEMET-RYAN ARPT,California
609,CUBA MUNICIPAL ARPT,Missouri
610,PAGE FIELD ARPT,Florida
611,MERRILL C MEIGS ARPT,Illinois
612,LOS CABOS INTL,
613,DECATUR ARPT,Illinois
614,TERRE HAUTE INTL ARPT-HULMAN FIELD,Indiana
615,TOLUCA/LIC ADOLFO,
616,CHARLOTTESVILLE-ALBEMARLE ARPT,Virginia
617,ELKHART MUNICIPAL ARPT,Indiana
618,KINSTON REGL JETPORT,North Carolina
619,SIGONELLA,
620,MT PLEASANT MUNICIPAL ARPT,Michigan
621,LIBERAL MUNICIPAL,Kansas
622,NORFOLK REGIONAL ARPT,Nebraska
623,ESSEX COUNTY AIRPORT,New Jersey
624,DANVILLE REGIONAL ARPT,Virginia
625,COLUMBUS MUNICIPAL ARPT (NE),Nebraska
626,GUANAJUATO DEL BAJIO INTL,
627,SAN LUIS COUNTY REGIONAL ARPT,California
628,PALMDALE REGIONAL ARPT,California
629,STOCKTON METRO,California
630,GUNNISON COUNTY,Colorado
631,LLANO MUNICIPAL ARPT,Texas
632,CHARLOTTE-MONROE  EXECUTIVE ARPT,North Carolina
633,OWEN ROBERTS INTL,
634,W K KELLOGG ARPT,Michigan
635,FORT WORTH ALLIANCE,Texas
636,ALBERT WHITTED,Florida
637,STELLAR AIRPARK,Arizona
638,DESTIN-FORT WALTON BEACH ARPT,Florida
639,CALGARY INTL,Alberta
640,DELAWARE COUNTY REGIONAL ARPT,Indiana
641,YAKIMA AIR TERMINAL,Washington
642,RALEIGH EXEC JETPORT AT SANFORD-LEE CNTY ARPT,North Carolina
643,DAVID'S ARPT,Michigan
644,BUFFALO AIRFIELD ARPT,New York
645,HAWKINS FIELD ARPT,Mississippi
646,ASHE COUNTY,North Carolina
647,NORTH PLATTE REGIONAL,Nebraska
648,GATWICK - LONDON,
649,CLARK COUNTY REGIONAL ARPT (IN),Indiana
650,TIANJIN (CHINA),
651,BENITO JUAREZ INTL,
652,KENT STATE UNIVERSITY,Ohio
653,CORTEZ MUNICIPAL ARPT,Colorado
654,SANTA MARIA PUBLIC,California
655,SANTA FE MUNICIPAL,New Mexico
656,MANITOWOC COUNTY ARPT,Wisconsin
657,LAKE HAVASU CITY ARPT,Arizona
658,BARNES MUNICIPAL ARPT,Massachusetts
659,FORD ARPT,Michigan
660,PROVO MUNICIPAL ARPT,Utah
661,FOUR CORNERS REGIONAL,New Mexico
662,DELAND MUNICIPAL ARPT,Florida
663,FORBES FIELD AIRPORT,Kansas
664,H L SONNY CALLAHAN ARPT,Alabama
665,WM FAIRCHILD INTL ARPT,Washington
666,MID-DELTA REGIONAL,Mississippi
667,ANN ARBOR MUNICIPAL,Michigan
668,TSTC WACO,Texas
669,ST. CLOUD REGIONAL,Minnesota
670,FAYETTVILLE MUNICIPAL,North Carolina
671,BESSEMER ARPT,Alabama
672,BRENNER FIELD ARPT,Nebraska
673,ANNISTON METROPOLITAN ARPT,Alabama
674,COZUMEL MEXICO,
675,BLOCK ISLAND STATE,Rhode Island
676,CLEARVIEW AIRPARK,Maryland
677,MUIR ARMY AIRFIELD,Pennsylvania
678,LAKE IN THE HILLS,Illinois
679,LOUISA COUNTY ARPT/FREEMAN FLD,Virginia
680,MEADOW LAKE ARPT,Colorado
681,JOHN F KENNEDY MEMORIAL,Wisconsin
682,TYONEK ARPT,Alaska
683,PEARLAND REGIONAL ARPT,Texas
684,HURON REGIONAL ARPT,South Dakota
685,NORTH LAS VEGAS,Nevada
686,SOUTHBRIDGE MUNICIPAL ARPT,Massachusetts
687,LARAMIE REGIONAL,Wyoming
688,HAMILTON ISLAND,
689,JOHNSTON ATOLL ARPT,Prince Edward Island
690,ROSEAU MUNI ARPT/RUDY BILLBERG FLD,Minnesota
691,GAINESVILLE MUNICIPAL ARPT,Texas
692,LITCHFIELD MUNICIPAL,Illinois
693,GRIFFING SANDUSKY ARPT,Ohio
694,PUT IN BAY,Ohio
695,WALDRONAIRE ARPT,Washington
696,SANTA MONICA MUNICIPAL,California
697,GREATER KANKAKEE ARPT,Illinois
698,GREELEY-WELD COUNTY ARPT,Colorado
699,ST. GEORGE  ARPT (AK),Alaska
700,WORTHINGTON MUNICIPAL ARPT,Minnesota
701,BEAVER COUNTY ARPT,Pennsylvania
702,OHIO UNIVERSITY ARPT,Ohio
703,WINGS FIELD ARPT,Pennsylvania
704,RIVERTON REGIONAL,Wyoming
705,GILLETTE CAMPBELL CO,Wyoming
706,EDWARDS AIR FORCE BASE,California
707,EMMONAK ARPT,Alaska
708,BANGOR INTL,Maine
709,CHESTER ARPT,Connecticut
710,LYNCHBURG REGIONAL,Virginia
711,SPACE COAST REGIONAL,Florida
712,SIDNEY MUNICIPAL AR[T,Nebraska
713,PAGO PAGO INTL,Prince Edward Island
714,GNOSS FIELD ARPT,California
715,SCOTTSDALE ARPT,Arizona
716,GARDEN CITY REGIONAL,Kansas
717,INCHEON INTL,
718,PAGE MUNICIPAL,Arizona
719,MILLVILLE MUNICIPAL ARPT,New Jersey
720,ROSTRAVER,Pennsylvania
721,MCCORD FIELD ARPT,Washington
722,DYERSBURG REGIONAL ARPT,Tennessee
723,ARCATA AIRPORT,California
724,T B LETTSOME INTL,
725,ORCAS ISLAND ARPT,Washington
726,OLYMPIA ARPT,Washington
727,ATHENS/BEN EPPS ARPT,Georgia
728,FREEPORT INTL,
729,SAWYER INTL,Michigan
730,PORT-AU-PRINCE INTL,
731,BIG PINEY-MARBLETON,Wyoming
732,DEADHORSE ARPT,Alaska
733,OGDEN-HINCKLEY ARPT,Utah
734,MIDDLE BASS-EAST POINT,Ohio
735,MEADOWS FIELD ARPT,California
736,NEWTOK ARPT,Alaska
737,LT WARREN EATON ARPT,New York
738,DAVID WAYNE HOOKS MEMORIAL ARPT,Texas
739,HOUSTON-SOUTHWEST ARPT,Texas
740,MANKATO REGIONAL ARPT,Minnesota
741,PETERSBURG JAMES A JOHNSON ARPT,Alaska
742,MUSKEGON COUNTY ARPT,Michigan
743,CREVE COEUR ARPT,Missouri
744,FLAGSTAFF PULLIAM,Arizona
745,ADIRONDAK REGIONAL ARPT,New York
746,OCEAN CITY MUNICIPAL  ARPT (MD),Maryland
747,AUBURN-LEWISTON MUNICIPAL,Maine
748,CARROLL COUNTY-TOLSON ARPT,Ohio
749,MIAMI COUNTY ARPT,Kansas
750,INCIRLIK AIR BASE,
751,CAMARILLO,California
752,RYAN FIELD ARPT,Arizona
753,ORANJESTAD/REINA BEA,
754,BELIZE INTERNATIONAL ARPT,
755,MANDAN MUNICIPAL,North Dakota
756,CHICO MUNICIPAL ARPT,California
757,DUBOIS REGIONAL ARPT,Pennsylvania
758,LEESBURG EXECUTIVE ARPT,Virginia
759,PORTLAND-TROUTDALE ARPT,Oregon
760,HOUSTON MEMORIAL ARPT,Missouri
761,BARCELONA ARPT,
762,SHREVEPORT DOWNTOWN ARPT,Louisiana
763,MELVILLE HALL AIRPORT,
764,LENAWEE COUNTY ARPT,Michigan
765,DOUBLE EAGLE II ARPT,New Mexico
766,CEDAR MILLS,Texas
767,PRICE COUNTY ARPT,Wisconsin
768,HATTIESBURG-LAUREL,Mississippi
769,SOUTHERN ILLINOIS,Illinois
770,ROLLA NATIONAL ARPT,Missouri
771,RUTLAND STATE ARPT,Vermont
772,ALBERT LEA MUNICIPAL ARPT,Minnesota
773,MOUNT HAWLEY,Illinois
774,FRENCH LICK MUNICIPAL ARPT,Indiana
775,QUINCY REGIONAL ARPT - BALDWIN FLD,Illinois
776,SPRINGFIELD BECKLEY MUNICIPAL,Ohio
777,PROVIDENCIALES INTL,
778,ANDERSON REGIONAL,South Carolina
779,OCEAN REEF CLUB,Florida
780,MANSFIELD MUNICIPAL,Massachusetts
781,CHIPPEWA COUNTY INTL ARPT,Michigan
782,CHEFORNAK ARPT,Alaska
783,MARCO ISLAND ARPT,Florida
784,SALINAS MUNICIPAL ARPT,California
785,SUNDANCE AIRPARK,Oklahoma
786,HUSLIA ARPT,Alaska
787,JASPER COUNTY ARPT-BELL FIELD,Texas
788,LAWRENCE MUNICIPAL ARPT (MA),Massachusetts
789,"GUADALAJARA, MEXICO",
790,ROTA,
791,JACK MCNAMARA FLD,California
792,COLLIN COUNTY RGNL ARPT AT MCKINNEY,Texas
793,COTE D AZUR,
794,NORTHAMPTON ARPT,Massachusetts
795,FAIRMONT MUNI-FRANKMAN FLD,West Virginia
796,KONA INTL ARPT,Hawaii
797,BRANDYWINE ARPT,Pennsylvania
798,SKYHAVEN,Missouri
799,HEATHROW - LONDON,
800,WINONA MUNICIPAL ARPT,Minnesota
801,CROOKSTON MUNI ARPT-KIRKWOOD FIELD,Minnesota
802,SOUTH VALLEY REGIONAL ARPT,Utah
803,KICKAPOO DOWNTOWN ARPT,Texas
804,LAKE HOOD (SPB),Alaska
805,CLINTON COUNTY ARPT,New York
806,MADISONVILLE MUNICIPAL,Kentucky
807,MASSEY RANCH AIRPARK,Florida
808,ROBT J MILLER AIR PARK,New Jersey
809,PETER O KNIGHT ARPT,Florida
810,PALM BEACH COUNTY PARK ARPT,Florida
811,VENANGO REGIONAL,Pennsylvania
812,FRIEDMAN MEMORIAL,Idaho
813,SOUTHWEST WASHINGTON REGIONAL ARPT,Washington
814,RIVERSIDE MUNICIPAL ARPT,California
815,ISLESBORO,Maine
816,IOWA FALLS MUNICIPAL ARPT,Iowa
817,FELTS FIELD ARPT,Washington
818,DENTON MUNICIPAL ARPT,Texas
819,MARIANNA MUNICIPAL ARPT,Florida
820,COLOGNE-BONN,
821,MCCOOK MUNICIPAL ARPT,Nebraska
822,KANSAI INTL,
823,BAIYUN AIRPORT,
824,HANCOCK COUNTY-BAR HARBOR,Maine
825,FERGUS FALLS MUNICIPAL ARPT,Minnesota
826,ANKENY REGIONAL,Iowa
827,BAUDETTE INTL ARPT,Minnesota
828,DALLAS EXECUTIVE ARPT,Texas
829,MURFREESBORO MUNICIPAL ARPT,Tennessee
830,SPRINGERVILLE MUNICIPAL,Arizona
831,LAUGHLIN BULLHEAD INTL,Arizona
832,UNIV OF OKLAHOMA WESTHEIMER ARPT,Oklahoma
833,TREVISO ARPT,
834,OGDENSBURG INTL ARPT,New York
835,PINE MOUNTAIN LAKE ARPT,California
836,VIRACOPOS-CAMPINAS INTL ARPT,
837,FRONT RANGE ARPT,Colorado
838,HARTFORD-BRAINARD ARPT,Connecticut
839,FRANKLIN FIELD ARPT,California
840,MUNICH INTL ARPT,
841,BOMBAY/MUMBAI,
842,PETER PRINCE FIELD ARPT,Florida
843,WEST BRANCH COMMUNITY ARPT,Michigan
844,KINGMAN,Arizona
845,HONG KONG INTL,
846,FERIHEGY ARPT,
847,MALMO-STURUP ARPT,
848,PONCA CITY MUNICIPAL ARPT,Oklahoma
849,KNOXVILLE DOWNTOWN ISLAND ARPT,Tennessee
850,ONA AIRPARK ARPT,West Virginia
851,DANIEL FIELD ARPT,Georgia
852,DOVER AIR FORCE BASE,Delaware
853,JOHN H BATTEN ARPT,Wisconsin
854,BERMUDA DUNES ARPT,California
855,MASON CITY MUNICIPAL,Iowa
856,TONCONTIN INTL,
857,VALENCIA AIRPORT,
858,KENAI MUNICIPAL ARPT,Alaska
859,GENERAL IGNACIO P GARCIA INTL,
860,SUBIC BAY INTL,
861,SUNRIVER,Oregon
862,ST. LUCIA-VIGIE,
863,CHANDLER MUNICIPAL ARPT,Arizona
864,JEFFERSON COUNTY INTL,Washington
865,MADISON COUNTY ARPT,Ohio
866,NEWARK-HEATH ARPT,Ohio
867,DODGE CITY REGIONAL ARPT,Kansas
868,PALO ALTO ARPT OF SANTA CLARA COUNTY,California
869,GRATIOT COMMUNITY,Michigan
870,LEIPZIG-HALLE,
871,NORTHERN MAINE REGIONAL,Maine
872,GREENWOOD LAKE ARPT,New Jersey
873,HAYS REGIONAL,Kansas
874,CUSTER ARPT,Michigan
875,VIENNA INTL,
876,M GRAHAM CLARK - TANEY COUNTY ARPT,Missouri
877,RAMONA ARPT,California
878,KILLEEN/FT HOOD REGIONAL,Texas
879,RICHARD I BONG ARPT,Wisconsin
880,TRIPLE W ARPT,North Carolina
881,WINSTON FIELD ARPT,Texas
882,EDWARD F KNAPP STATE ARPT,Vermont
883,LEESBURG INTL ARPT,Florida
884,ANIMAS AIR PARK,Colorado
885,LAKE CITY MUNICIPAL ARPT,Florida
886,CRYSTAL ARPT,Minnesota
887,FRANKFURT MAIN,
888,ST GEORGE MUNICIPAL ARPT,Utah
889,SOLDOTNA AIRPORT,Alaska
890,GILLESPIE COUNTY,Texas
891,MARCH ARB ARPT,California
892,HENRI COANDA INTL ARPT,
893,BROOKS COUNTY,Texas
894,FARMINGTON REGIONAL,Missouri
895,MIDDLE PENINSULA REGIONAL ARPT,Virginia
896,CLAYTON COUNTY ARPT- TARA FIELD,Georgia
897,PATUXENT RIVER NAS,Maryland
898,PENANG INTL,
899,GENESEE COUNTY ARPT,New York
900,GRANTLEY ADAMS BARBA,
901,WASHINGTON COUNTY,Pennsylvania
902,STANSTEAD-LONDON,
903,ANDREWS AIR FORCE BASE,Maryland
904,FLAGLER COUNTY ARPT,Florida
905,GUARULHOS INTL,
906,BERT MOONEY,Montana
907,DICKINSON-THEODORE ROOSEVELT RGNL,North Dakota
908,JOSE MARIA CORDOVE ARPT,
909,FESTUS MEMORIAL ARPT,Missouri
910,STUTTGART GERMANY,
911,PERRY COUNTY MUNICIPAL,Indiana
912,EASTERN OREGON REGIONAL ARPT,Oregon
913,DAKAY-YOFF-LEOPOLD SEDAR SENGHOR,
914,GLENDALE MUNICIPAL ARPT,Arizona
915,FOWLER ARPT,Colorado
916,HEBER CITY MUNICIPAL,Utah
917,PEARSON FIELD ARPT,Washington
918,NORTH PALM BEACH CNTY GEN AVTN,Florida
919,RIYAHD AIR BASE,
920,LAWRENCE J TIMMERMAN ARPT,Wisconsin
921,BOLINGBROOKS CLOW INTL,Illinois
922,UGNU-KUPARUK ARPT,Alaska
923,WASHINGTON COUNTY MEMORIAL,Kansas
924,NOME ARPT,Alaska
925,SOUTHEAST TEXAS REGIONAL ARPT,Texas
926,MILLINGTON REGIONAL JETPORT ARPT,Tennessee
927,DONALDSON CENTER ARPT,South Carolina
928,CORDOVA MUNICIPAL ARPT,Alaska
929,LIVINGSTON COUNTY SPENCER J HARDY,Michigan
930,SCOTT AFB/MIDAMERICA,Illinois
931,KIRKSVILLE REGIONAL,Missouri
932,FORT COLLINS-LOVELAND,Colorado
933,SAN PEDRO SULA LA MESA,
934,HOMER ARPT,Alaska
935,VALKARIA,Florida
936,HANA ARPT,Hawaii
937,SEBRING REGIONAL ARPT,Florida
938,BAHRAIN INTL,
939,HENDERSON CITY-COUNTY ARPT,Kentucky
940,CHADRON MUNICIPAL ARPT,Nebraska
941,NEW BEDFORD REGIONAL ARPT,Massachusetts
942,KIPNUK ARPT,Alaska
943,RAS TANAJIB,
944,FREDERICK MUNICIPAL ARPT,Maryland
945,GRIFFISS INTL,New York
946,MANISTEE COUNTY-BLACKER ARPT,Michigan
947,MAGNOLIA MUNICIPAL,Arkansas
948,ROCK HILL (YORK CO) BRYANT FLD,South Carolina
949,MC GUIRE AIR FORCE BASE,New Jersey
950,MURTALA MUHAMMED,
951,NIAGARA FALLS INTL,New York
952,LA CHINITA INTL,
953,MCCONNELL AIR FORCE BASE,Kansas
954,SAN SALVADOR INTL,
955,KIT CARSON COUNTY,Colorado
956,TRAVIS AIR FORCE BASE,California
957,DOHA INTL,
958,WATERTOWN,South Dakota
959,NEW SMYRNA BEACH MUNICIPAL ARPT,Florida
960,BRITTON MUNICIPAL ARPT SD,South Dakota
961,LOGAN-CACHE ARPT,Utah
962,ARLINGTON MUNICIPAL ARPT (TX),Washington
963,VISALIA MUNICIPAL ARPT,California
964,PHILIP BILLARD MUNICIPAL ARPT,Kansas
965,MARSHFIELD MUNI/G HARLOW FLD,Massachusetts
966,RUSSELLVILLE REGIONAL ARPT,Arkansas
967,COLES COUNTY MEMORIAL ARPT,Illinois
968,HARVEY FIELD,Washington
969,ZAMPERINI FIELD ARPT,California
970,POPLAR BLUFF MUNICIPAL,Missouri
971,WAYNESVILLE-ST ROBERT REGIONAL FORNEY FIELD,Missouri
972,HERNANDO COUNTY,Florida
973,NEWPORT STATE ARPT,Rhode Island
974,VANDENBERG ARPT,Florida
975,ENTERPRISE MUNICIPAL ARPT,Oregon
976,PROVINCETOWN MUNICIPAL ARPT,Massachusetts
977,HIGGINSVILLE INDUSTRIAL MUNICIPAL ARPT,Missouri
978,NORTH TEXAS REGIONAL ARPT,Texas
979,NEVADA COUNTY AIR PARK,California
980,HOMESTEAD AIR RESERVE BASE,Florida
981,SOUTHEAST IOWA REGIONAL ARPT,Iowa
982,CLAREMONT MUNICIPAL ARPT,New Hampshire
983,ONTARIO MUNICIPAL ARPT,Oregon
984,ELEFTHERIOS VENIZELOS INTL,
985,OPA-LOCKA EXECUTIVE ARPT,Florida
986,CRAIG MUNICIPAL ARPT,Florida
987,WILEY POST-WILL ROGERS MEM,Alaska
988,LEE'S SUMMIT MUNICIPAL ARPT,Missouri
989,WARSAW MUNICIPAL (IN),Indiana
990,ALPENA COUNTY REG,Michigan
991,POMPANO BEACH AIRPARK,Florida
992,ODESSA-SCHLEMEYER FIELD ARPT,Texas
993,ALLIANCE MUNICIPAL ARPT,Nebraska
994,GRANITE FALLS MUNICIPAL ARPT,Minnesota
995,WASHINGTON EXECUTIVE ARPT HYDE FIELD,Maryland
996,LEA COUNTY REGIONAL ARPT,New Mexico
997,OTTAWA/MACDONALD-CARTIER INTL,Ontario
998,GREAT BENT MUNICIPAL,Kansas
999,DELPHI MUNICIPAL ARPT,Indiana
1000,CANYONLANDS FIELD,Utah
1001,BRAZORIA COUNTY ARPT,Texas
1002,VANCE BRAND ARPT,Colorado
1003,MARCO POLO INTL,
1004,STILLWATER REGIONAL ARPT,Oklahoma
1005,BOLIVAR MUNICIPAL ARPT,Missouri
1006,JOHNSTOWN-CAMBRIA,Pennsylvania
1007,SHOW LOW REGIONAL ARPT,Arizona
1008,BALDWIN COUNTY ARPT,Georgia
1009,KALAUPAPA ARPT,Hawaii
1010,MERCED MUNICIPAL,California
1011,NEWTON CITY/COUNTY ARPT,Kansas
1012,PELLSTON REGIONAL,Michigan
1013,SPRINGDALE MUNICIPAL ARPT,Arkansas
1014,BRUNSWICK GOLDEN ISLES,Georgia
1015,SHALZ FIELD ARPT,Kansas
1016,DILLINGHAM ARPT,Alaska
1017,MESQUITE METRO ARPT,Texas
1018,FRANK WILEY FIELD ARPT,Montana
1019,GILLESPIE FIELD ARPT,California
1020,DELAWARE AIRPARK,Delaware
1021,VICKSBURG TALLULAH REGIONAL ARPT,Mississippi
1022,WARREN FIELD ARPT,North Carolina
1023,IXTAPA-ZIHUATENEJO,
1024,WAUKESHA COUNTY ARPT,Wisconsin
1025,MOUNT AIRY/SURRY COUNTY ARPT,North Carolina
1026,GENERAL WM J FOX AIRFIELD,California
1027,ROWAN COUNTY ARPT,North Carolina
1028,CINCINNATI-BLUE ASH ARPT,Ohio
1029,WATERTOWN MUNICIPAL ARPT,Wisconsin
1030,CEDAR CITY REGIONAL,Utah
1031,POTSDAM MUNICIPAL ARPT,New York
1032,AUBURN-OPELIKA RG PITTS,Alabama
1033,SCAMMON BAY AIRPORT,Alaska
1034,GEORGETOWN MUNICIPAL ARPT,Texas
1035,GALEAO INTL (RIO),
1036,SASKATOON/JOHN G. DIEFENBAKER INTL,Saskatchewan
1037,SHELL LAKE MUNICIPAL ARPT,Wisconsin
1038,DEVILS LAKE REGIONAL ARPT,North Dakota
1039,GWINNER-ROGER MELROE FIELD ARPT,North Dakota
1040,SIDNEY-RICHLAND MUNICIPAL ARPT,Montana
1041,NORTHWEST FLORIDA BEACHES INTL,Florida
1042,BOLINDER FIELD - TOOELE VALLEY ARPT,Utah
1043,PRINCEVILLE ARPT,Hawaii
1044,CHEVRON USA INC SEAPLANE BASE,Louisiana
1045,LAWRENCE MUNICIPAL  ARPT (KS),Kansas
1046,TULIP CITY ARPT,Michigan
1047,KNOX COUNTY REGIONAL,Maine
1048,GEORGE M BRYAN ARPT,Mississippi
1049,HARRISON COUNTY ARPT,Texas
1050,HAVRE CITY-COUNTY ARPT,Montana
1051,YAZOO COUNTY ARPT,Mississippi
1052,EAGLE COUNTY REGIONAL,Colorado
1053,STENNIS INTL ARPT,Mississippi
1054,PAUL C MILLER-SPARTA ARPT,Michigan
1055,MC KELLER FLD ARPT,Tennessee
1056,PITT-GREENVILLE ARPT,North Carolina
1057,DARE COUNTY REGIONAL ARPT,North Carolina
1058,SHENZHEN,
1059,TRACY MUNICIPAL ARPT,California
1060,HARDY-ANDERS FLD NATCHEZ-ADAMS CNTY,Mississippi
1061,GLACIER PARK INTL,Montana
1062,DUBLIN INTL ARPT,
1063,WAUPACA MUNICIPAL ARPT,Wisconsin
1064,NORMAN MANLEY INTL,
1065,COLUMBIA GORGE REGIONAL ARPT,Oregon
1066,VICTORIA INTL,British Columbia
1067,CORPUS CHRISTI NAS/TRUAX FIELD,Texas
1068,IMMOKALEE REGIONAL ARPT,Florida
1069,CHAUTAUQUA COUNTY/JAMESTOWN ARPT,New York
1070,ANIAK AIRPORT,Alaska
1071,SHANNON INTL,
1072,WATERTOWN INTL ARPT,New York
1073,GENERAL RAFAEL BUELNA INTL,
1074,DAVIS MONTHAN AIR FORCE BASE,Arizona
1075,SHERIDAN COUNTY ARPT,Wyoming
1076,BASEL-MULHOUSE-FREIBURG,
1077,PALMYRA (COOPER) AIRPORT,Prince Edward Island
1078,KENTMORR AIRPARK,Maryland
1079,EAGLE CREEK AIRPARK,Indiana
1080,MALAGA ARPT,
1081,GENERAL ROBERTO FIERRO VILLALOBOS INTL,
1082,RICHLAND ARPT,Washington
1083,ZURICH,
1084,GUSTAVO ROJAS PINILLA INTL ARPT,
1085,BOB SIKES ARPT,Florida
1086,V C BIRD INTL ARPT,
1087,BOULDER CITY MUNICIPAL ARPT,Nevada
1088,UKIAH MUNICIPAL ARPT,California
1089,WEST PLAINS REGIONAL ARPT,Missouri
1090,TUNICA MUNI ARPT,Mississippi
1091,RAMSTEIN AIR FORCE BASE,
1092,THE FLORIDA KEYS MARATHON,Florida
1093,NORTH BIG HORN COUNTY ARPT,Wyoming
1094,MACKINAC COUNTY ARPT,Michigan
1095,HUTCHINSON MUNICIPAL,Kansas
1096,DELAWARE MUNICIPAL ARPT,Ohio
1097,GALILEO GALILEI ARPT,
1098,MEFFORD FIELD ARPT,California
1099,CRAWFORDSVILLE MUNI ARPT,Indiana
1100,HICKORY REGIONAL ARPT,North Carolina
1101,QUINN FIELD ARPT,Nebraska
1102,MONTREAL INTL (MIRABEL),Quebec
1103,PORT GRAHAM ARPT,Alaska
1104,MARANA REGIONAL ARPT,Arizona
1105,MERRIT ISLAND ARPT,Florida
1106,GRAYSON COUNTY ARPT,Kentucky
1107,LAKE PALOURDE BASE HELIPORT,Louisiana
1108,CULPEPER REGIONAL ARPT,Virginia
1109,PRINCESS JULIANA,
